Office,Address,Country,Phone,Email,Webpage
ThoughtWorks Cologne,"Lichtstr. 43i, 50825 Cologne, Germany",Germany,+49 221 64 30 70 63,contact-de@thoughtworks.com,https://www.thoughtworks.com/locations/cologne
ThoughtWorks Berlin,"Zimmerstraße 23, 1. OG, 10969 Berlin, Germany",Germany,+49 (0)30 555 73 5890,contact-de@thoughtworks.com,https://www.thoughtworks.com/locations/berlin
ThoughtWorks Hamburg,"Caffamacherreihe 7, 20355 Hamburg, Germany",Germany,+49 (040) 300 95 880,contact-de@thoughtworks.com,https://www.thoughtworks.com/locations/hamburg
ThoughtWorks Munich,"Bothestraße 11, 81675 Munich, Germany",Germany,+49 (0)89 262 057 72,contact-de@thoughtworks.com,https://www.thoughtworks.com/locations/munich
ThoughtWorks London,"76 Wardour Street, London W1F 0UR, UK",UK,+44 (0)20 3437 0990,,https://www.thoughtworks.com/locations/london
ThoughtWorks Manchester,"4th Floor Federation House, 2 Federation St., Manchester M4 4BF, UK",UK,+44 (0)161 923 6810,,https://www.thoughtworks.com/locations/manchester
